{
  "sig": {
    "2016_LL": {
      "eff": 0.02850444372674968,
      "n_pass": 2383,
      "n_tot": 83601
    },
    "2016_DD": {
      "eff": 0.03953553752508973,
      "n_pass": 6047,
      "n_tot": 152951
    },
    "2017_LL": {
      "eff": 0.03391432568339068,
      "n_pass": 2691,
      "n_tot": 79347
    },
    "2017_DD": {
      "eff": 0.04568039106855068,
      "n_pass": 6831,
      "n_tot": 149539
    },
    "2018_LL": {
      "eff": 0.022673447994719882,
      "n_pass": 2336,
      "n_tot": 103028
    },
    "2018_DD": {
      "eff": 0.033158233707684254,
      "n_pass": 6590,
      "n_tot": 198744
    }
  },
  "norm": {
    "2016_LL": {
      "eff": 0.1859500772420522,
      "n_pass": 2287,
      "n_tot": 12299
    },
    "2016_DD": {
      "eff": 0.2098202922160566,
      "n_pass": 8243,
      "n_tot": 39286
    },
    "2017_LL": {
      "eff": 0.19751131221719456,
      "n_pass": 2619,
      "n_tot": 13260
    },
    "2017_DD": {
      "eff": 0.22357428685091146,
      "n_pass": 9554,
      "n_tot": 42733
    },
    "2018_LL": {
      "eff": 0.16246375538177665,
      "n_pass": 1849,
      "n_tot": 11381
    },
    "2018_DD": {
      "eff": 0.1803476075803581,
      "n_pass": 6890,
      "n_tot": 38204
    }
  }
}