{
  "branching_ratio": {
    "value": 7.922743725155173e-06,
    "error": 0.008099459339405306
  },
  "yield_ratio": {
    "value": 0.03581153706564597,
    "error": 0.006826321304594746
  },
  "efficiency_ratio": {
    "value": 0.6853605783040715,
    "error": 0.0019011536844765699
  },
  "yields": {
    "signal": {
      "value": 1339.321170652639,
      "error": 189.56558690497872
    },
    "norm": {
      "value": 37399.15346826737,
      "error": 4775.102245384933
    }
  },
  "efficiencies": {
    "signal": {
      "value": 0.09315594719182163,
      "error": 0.0002573482099092792,
      "n_pass": 118826,
      "n_tot": 1275560
    },
    "norm": {
      "value": 0.06384541383985042,
      "error": 1.6035604118864222e-05,
      "n_pass": 14840083,
      "n_tot": 232437729
    }
  },
  "config": {
    "br_norm": 0.0003228,
    "br_norm_unc": 0.33,
    "years": [
      "2016",
      "2017",
      "2018"
    ],
    "tracks": [
      "LL",
      "DD"
    ],
    "valid_categories": [
      "2016_LL",
      "2016_DD",
      "2017_LL",
      "2017_DD",
      "2018_LL",
      "2018_DD"
    ]
  }
}