{
  "branching_ratio": {
    "value": 2.9494867290802156e-05,
    "error": 0.03015276037181092
  },
  "yield_ratio": {
    "value": 0.13712037728621002,
    "error": 0.13982281583307116
  },
  "efficiency_ratio": {
    "value": 0.6663630707557797,
    "error": 0.002961720344358739
  },
  "yields": {
    "signal": {
      "value": 424.9999517547591,
      "error": 168.31731500718496
    },
    "norm": {
      "value": 3099.4660324457896,
      "error": 2912.4380322989823
    }
  },
  "efficiencies": {
    "signal": {
      "value": 0.10470660243336699,
      "error": 0.00046013476256467927,
      "n_pass": 46360,
      "n_tot": 442761
    },
    "norm": {
      "value": 0.06977261312590302,
      "error": 4.64260757290925e-05,
      "n_pass": 2101044,
      "n_tot": 30112732
    }
  },
  "config": {
    "br_norm": 0.0003228,
    "br_norm_unc": 0.33,
    "years": [
      "2016",
      "2017",
      "2018"
    ],
    "tracks": [
      "LL",
      "DD"
    ],
    "valid_categories": [
      "2016_LL",
      "2017_LL"
    ]
  }
}