{
    "2016_all": {
        "yields": {
            "signal": {
                "value": 417.76568068442606,
                "error": 89.040692103207
            },
            "norm": {
                "value": 21684.340584241887,
                "error": 214.39672596461605
            }
        },
        "masses": {
            "signal": {
                "value": 5289.9999871380305,
                "error": 3.1574944668277567
            },
            "norm": {
                "value": 5285.3500632459745,
                "error": 2.621771566824009
            },
            "difference": {
                "value": 4.649923892055995,
                "error": 4.104078149433161
            }
        },
        "widths": {
            "signal": {
                "value": 5.192672670825692,
                "error": 1.8117632134685855
            },
            "norm": {
                "value": 22.79152943060413,
                "error": 0.6359336453474285
            },
            "ratio": {
                "value": 0.22783344516814424,
                "error": 0.07974661379823786
            }
        },
        "significance": {
            "signal": 4.6918512291008945,
            "norm": 101.14119274293704
        },
        "yield_ratio": {
            "value": 0.019265777488664718,
            "error": 0.0041106366993878905
        },
        "br_estimate": {
            "value": 6.2189929733409705e-06,
            "error": 0.006357706709729061
        }
    },
    "2017_all": {
        "yields": {
            "signal": {
                "value": 387.5304422828073,
                "error": 66.51858659557377
            },
            "norm": {
                "value": 5498.841249468951,
                "error": 2834.758214540693
            }
        },
        "masses": {
            "signal": {
                "value": 5279.589007849708,
                "error": 1.9752703499166273
            },
            "norm": {
                "value": 5278.151507037305,
                "error": 2.6590391095624
            },
            "difference": {
                "value": 1.4375008124025044,
                "error": 3.3124284054817177
            }
        },
        "widths": {
            "signal": {
                "value": 15.148058013656042,
                "error": 1.9950973581735187
            },
            "norm": {
                "value": 16.857363062147375,
                "error": 5.863016815056082
            },
            "ratio": {
                "value": 0.8986018725354787,
                "error": 0.3341935358522752
            }
        },
        "significance": {
            "signal": 5.825897123144737,
            "norm": 1.939791979881399
        },
        "yield_ratio": {
            "value": 0.0704749282078716,
            "error": 0.038292139931286585
        },
        "br_estimate": {
            "value": 2.2749306825500952e-05,
            "error": 0.02325672959338845
        }
    },
    "2018_all": {
        "yields": {
            "signal": {
                "value": 242.28525096467786,
                "error": 46.30001562116628
            },
            "norm": {
                "value": 22190.816089892065,
                "error": 3554.2154232044777
            }
        },
        "masses": {
            "signal": {
                "value": 5281.237643145003,
                "error": 1.324429125894767
            },
            "norm": {
                "value": 5283.092228520716,
                "error": 2.8013989426062835
            },
            "difference": {
                "value": -1.8545853757132136,
                "error": 3.098701106133662
            }
        },
        "widths": {
            "signal": {
                "value": 7.872340649605876,
                "error": 1.6064490574617603
            },
            "norm": {
                "value": 24.999992016232632,
                "error": 1.6327790979841197
            },
            "ratio": {
                "value": 0.31489372654576536,
                "error": 0.06746889727585173
            }
        },
        "significance": {
            "signal": 5.2329410198711885,
            "norm": 6.243520284396505
        },
        "yield_ratio": {
            "value": 0.01091826681737221,
            "error": 0.0027223790663863357
        },
        "br_estimate": {
            "value": 3.524416528647749e-06,
            "error": 0.003603028156901193
        }
    },
    "all_LL": {
        "yields": {
            "signal": {
                "value": 225.18014051323615,
                "error": 87.5413332825466
            },
            "norm": {
                "value": 4047.3711442168433,
                "error": 392.7364196782846
            }
        },
        "masses": {
            "signal": {
                "value": 5284.679087450232,
                "error": 2.0554765872757343
            },
            "norm": {
                "value": 5278.829036755083,
                "error": 0.7373713849156047
            },
            "difference": {
                "value": 5.850050695149548,
                "error": 2.183735460199119
            }
        },
        "widths": {
            "signal": {
                "value": 6.676907807617088,
                "error": 2.145158563016473
            },
            "norm": {
                "value": 13.441661554113676,
                "error": 0.6014144150618979
            },
            "ratio": {
                "value": 0.49673232589119104,
                "error": 0.16113042027011548
            }
        },
        "significance": {
            "signal": 2.572272229238837,
            "norm": 10.305566128886907
        },
        "yield_ratio": {
            "value": 0.05563614812913531,
            "error": 0.022292756796983382
        },
        "br_estimate": {
            "value": 1.7959348616084878e-05,
            "error": 0.018359930292856513
        }
    },
    "all_DD": {
        "yields": {
            "signal": {
                "value": 800.7265521780586,
                "error": 202.14759495799143
            },
            "norm": {
                "value": 47152.38326213284,
                "error": 6585.044770142442
            }
        },
        "masses": {
            "signal": {
                "value": 5280.77642853082,
                "error": 1.0731406862892072
            },
            "norm": {
                "value": 5285.142336776757,
                "error": 2.0719634775132363
            },
            "difference": {
                "value": -4.365908245936225,
                "error": 2.3333802914908692
            }
        },
        "widths": {
            "signal": {
                "value": 13.563232401546413,
                "error": 1.2999983134389028
            },
            "norm": {
                "value": 24.91894003626989,
                "error": 0.6226867365465107
            },
            "ratio": {
                "value": 0.5442941145090813,
                "error": 0.053912921544629365
            }
        },
        "significance": {
            "signal": 3.9610985841531217,
            "norm": 7.160525844247659
        },
        "yield_ratio": {
            "value": 0.016981677208691728,
            "error": 0.004899354524090241
        },
        "br_estimate": {
            "value": 5.481685402965689e-06,
            "error": 0.005603953702030278
        }
    },
    "all_all": {
        "yields": {
            "signal": {
                "value": 956.1303547213719,
                "error": 110.01033057805967
            },
            "norm": {
                "value": 61574.5794521849,
                "error": 860.9046066098235
            }
        },
        "masses": {
            "signal": {
                "value": 5281.170722598788,
                "error": 1.1160021265059186
            },
            "norm": {
                "value": 5283.924685505136,