{
    "2016_all": {
        "yields": {
            "signal": {
                "value": 417.76568068442606,
                "error": 89.040692103207
            },
            "norm": {
                "value": 25522.958343890587,
                "error": 500.77908358183413
            }
        },
        "masses": {
            "signal": {
                "value": 5289.9999871380305,
                "error": 3.1574944668277567
            },
            "norm": {
                "value": 5280.745035682559,
                "error": 5.067292427608663
            },
            "difference": {
                "value": 9.2549514554712,
                "error": 5.970529612601213
            }
        },
        "widths": {
            "signal": {
                "value": 5.192672670825692,
                "error": 1.8117632134685855
            },
            "norm": {
                "value": 24.99999255093095,
                "error": 0.25468431663618674
            },
            "ratio": {
                "value": 0.20770696872196975,
                "error": 0.07250143478310556
            }
        },
        "significance": {
            "signal": 4.6918512291008945,
            "norm": 50.96650235736091
        },
        "yield_ratio": {
            "value": 0.01636823110611025,
            "error": 0.003503402179824966
        },
        "br_estimate": {
            "value": 5.2836650010523885e-06,
            "error": 0.005401516383402658
        }
    },
    "2017_all": {
        "yields": {
            "signal": {
                "value": 387.5304422828073,
                "error": 66.51858659557377
            },
            "norm": {
                "value": 5694.211852542074,
                "error": 847.6646138866749
            }
        },
        "masses": {
            "signal": {
                "value": 5279.589007849708,
                "error": 1.9752703499166273
            },
            "norm": {
                "value": 5278.257976183364,
                "error": 1.7844467344111763
            },
            "difference": {
                "value": 1.3310316663437334,
                "error": 2.661943482347149
            }
        },
        "widths": {
            "signal": {
                "value": 15.148058013656042,
                "error": 1.9950973581735187
            },
            "norm": {
                "value": 17.183052461599978,
                "error": 2.4809086784274337
            },
            "ratio": {
                "value": 0.8815696773031647,
                "error": 0.17228431493427726
            }
        },
        "significance": {
            "signal": 5.825897123144737,
            "norm": 6.717529267186489
        },
        "yield_ratio": {
            "value": 0.06805690626171586,
            "error": 0.015463060977563241
        },
        "br_estimate": {
            "value": 2.1968769341281877e-05,
            "error": 0.02245877962104539
        }
    },
    "2018_all": {
        "yields": {
            "signal": {
                "value": 242.28525096467786,
                "error": 46.30001562116628
            },
            "norm": {
                "value": 21363.913761477426,
                "error": 3083.6565015591223
            }
        },
        "masses": {
            "signal": {
                "value": 5281.237643145003,
                "error": 1.324429125894767
            },
            "norm": {
                "value": 5282.1741599344205,
                "error": 9.510584339804154
            },
            "difference": {
                "value": -0.9365167894175102,
                "error": 9.602360490735931
            }
        },
        "widths": {
            "signal": {
                "value": 7.872340649605876,
                "error": 1.6064490574617603
            },
            "norm": {
                "value": 24.99214400025149,
                "error": 1.8805940305907463
            },
            "ratio": {
                "value": 0.3149926092585998,
                "error": 0.06850901158612697
            }
        },
        "significance": {
            "signal": 5.2329410198711885,
            "norm": 6.928110751205802
        },
        "yield_ratio": {
            "value": 0.011340864490922873,
            "error": 0.002715941754490875
        },
        "br_estimate": {
            "value": 3.660831057669903e-06,
            "error": 0.003742485384692113
        }
    },
    "all_LL": {
        "yields": {
            "signal": {
                "value": 225.18014051323615,
                "error": 87.5413332825466
            },
            "norm": {
                "value": 4341.638549248577,
                "error": 442.8149088997384
            }
        },
        "masses": {
            "signal": {
                "value": 5284.679087450232,
                "error": 2.0554765872757343
            },
            "norm": {
                "value": 5279.014639006536,
                "error": 1.3885222527746919
            },
            "difference": {
                "value": 5.664448443696529,
                "error": 2.480519713142632
            }
        },
        "widths": {
            "signal": {
                "value": 6.676907807617088,
                "error": 2.145158563016473
            },
            "norm": {
                "value": 13.921494935017666,
                "error": 1.278403952915867
            },
            "ratio": {
                "value": 0.4796114094630897,
                "error": 0.160260307767729
            }
        },
        "significance": {
            "signal": 2.572272229238837,
            "norm": 9.804634988546887
        },
        "yield_ratio": {
            "value": 0.05186524349250789,
            "error": 0.02084556120007907
        },
        "br_estimate": {
            "value": 1.6742100599381544e-05,
            "error": 0.0171155316752657
        }
    },
    "all_DD": {
        "yields": {
            "signal": {
                "value": 800.7265521780586,
                "error": 202.14759495799143
            },
            "norm": {
                "value": 26048.49450935424,
                "error": 4423.490414161524
            }
        },
        "masses": {
            "signal": {
                "value": 5280.77642853082,
                "error": 1.0731406862892072
            },
            "norm": {
                "value": 5280.223405214953,
                "error": 8.167742147637
            },
            "difference": {
                "value": 0.5530233158669944,
                "error": 8.237939227917085
            }
        },
        "widths": {
            "signal": {
                "value": 13.563232401546413,
                "error": 1.2999983134389028
            },
            "norm": {
                "value": 24.99867836238625,
                "error": 12.192659164439746
            },
            "ratio": {
                "value": 0.5425579786631461,
                "error": 0.26968425070648344
            }
        },
        "significance": {
            "signal": 3.9610985841531217,
            "norm": 5.888674343220376
        },
        "yield_ratio": {
            "value": 0.030739839950846705,
            "error": 0.009352776127186364
        },
        "br_estimate": {
            "value": 9.922820336133316e-06,
            "error": 0.010144147633044411
        }
    },
    "all_all": {
        "yields": {
            "signal": {
                "value": 956.1303547213719,
                "error": 110.01033057805967
            },
            "norm": {
                "value": 74675.43835090287,
                "error": 260.8332839103532
            }
        },
        "masses": {
            "signal": {
                "value": 5281.170722598788,
                "error": 1.1160021265059186
            },
            "norm": {
                "value": 5282.228447089451,
                "error": 2.2912784867144182
            },