{
    "sig_all_all": {
        "nsig": {
            "value": 956.1303547213719,
            "error": 110.01033057805967
        },
        "nbkg": {
            "value": 11092.842782314976,
            "error": 149.00279174749357
        },
        "mean": {
            "value": 5281.170722598788,
            "error": 1.1160021265059186
        },
        "sigma": {
            "value": 12.801814476455696,
            "error": 1.3355789845380839
        },
        "alpha": {
            "value": 4.841418074934574,
            "error": 2.9643692419260015
        },
        "n": {
            "value": 5.224975893647192,
            "error": 5.534465413936468
        },
        "c1": {
            "value": -0.05381173989468924,
            "error": 0.01747309905617822
        },
        "c2": {
            "value": -0.015166626434892527,
            "error": 0.020886015120235968
        },
        "_fit_status": 0,
        "_cov_qual": 3,
        "_chi2_ndf": 0.6229025571340442,
        "significance": 8.69127789815097
    },
    "norm_all_all": {
        "error": "'c1'"
    },
    "sig_all_LL": {
        "nsig": {
            "value": 225.18014051323615,
            "error": 87.5413332825466
        },
        "nbkg": {
            "value": 7431.996253883721,
            "error": 121.94313562161597
        },
        "mean": {
            "value": 5284.679087450232,
            "error": 2.0554765872757343
        },
        "sigma": {
            "value": 6.676907807617088,
            "error": 2.145158563016473
        },
        "alpha": {
            "value": 0.5809322294800009,
            "error": 0.36884300510494916
        },
        "n": {
            "value": 9.969087882887516,
            "error": 5.851182574825394
        },
        "c1": {
            "value": -0.05651650387086016,
            "error": 0.023384030232878994
        },
        "c2": {
            "value": -0.014734139125853973,
            "error": 0.02273287395923823
        },
        "_fit_status": 0,
        "_cov_qual": 3,
        "_chi2_ndf": 0.6759560563015338,
        "significance": 2.572272229238837
    },
    "norm_all_LL": {
        "error": "'c1'"
    },
    "sig_all_DD": {
        "nsig": {
            "value": 800.8837998845236,
            "error": 197.34925295423045
        },
        "nbkg": {
            "value": 3591.1257465514714,
            "error": 204.42565046247455
        },
        "mean": {
            "value": 5280.77572911996,
            "error": 1.062013188558467
        },
        "sigma": {
            "value": 13.564184122488397,
            "error": 1.2992682097327668
        },
        "alpha": {
            "value": 1.933660424836021,
            "error": 0.7492245443985036
        },
        "n": {
            "value": 0.8832741435347998,
            "error": 8.326397754850484
        },
        "c1": {
            "value": -0.013947605824564668,
            "error": 0.09441527627391155
        },
        "c2": {
            "value": -0.023471979236889262,
            "error": 0.04809302593938514
        },
        "_fit_status": 0,
        "_cov_qual": 3,
        "_chi2_ndf": 0.5355826261688399,
        "significance": 4.058205379020441
    },
    "norm_all_DD": {
        "error": "'c1'"
    }
}