{
    "sig_2016_LL": {
        "nsig": {
            "value": 207.10564247184837,
            "error": 135.39857199027375
        },
        "nbkg": {
            "value": 2205.0015778223456,
            "error": 142.98273941257116
        },
        "mean": {
            "value": 5289.999996985745,
            "error": 2.9633790597818006
        },
        "sigma": {
            "value": 5.000003216173193,
            "error": 2.3540590053951975
        },
        "alpha": {
            "value": 0.8468707032842617,
            "error": 0.5691545417478159
        },
        "n": {
            "value": 0.1409226180460603,
            "error": 0.856177105896271
        },
        "_fit_status": 0,
        "_cov_qual": 3
    },
    "sig_2016_DD": {
        "nsig": {
            "value": 300.79227162333603,
            "error": 53.534231763001
        },
        "nbkg": {
            "value": 999.1884612815278,
            "error": 59.70598904870138
        },
        "mean": {
            "value": 5287.5868158817775,
            "error": 2.437648472501678
        },
        "sigma": {
            "value": 7.663284728851462,
            "error": 2.483384195896868
        },
        "alpha": {
            "value": 0.317788632914107,
            "error": 0.13792948064485916
        },
        "n": {
            "value": 9.999854842834337,
            "error": 8.057133498740033
        },
        "_fit_status": 0,
        "_cov_qual": 3
    },
    "sig_2017_LL": {
        "nsig": {
            "value": 217.8943092829107,
            "error": 99.98972564330091
        },
        "nbkg": {
            "value": 2143.155115787298,
            "error": 109.28397974800248
        },
        "mean": {
            "value": 5289.999086634736,
            "error": 4.99562285468528
        },
        "sigma": {
            "value": 29.999631232276275,
            "error": 4.009950788640593
        },
        "alpha": {
            "value": 1.5902688811058106,
            "error": 1.046290108563655
        },
        "n": {
            "value": 9.91414682674461,
            "error": 5.681826080111836
        },
        "_fit_status": 0,
        "_cov_qual": 3
    },
    "sig_2017_DD": {
        "nsig": {
            "value": 295.96213597356956,
            "error": 41.72719934259476
        },
        "nbkg": {
            "value": 1171.0605783246608,
            "error": 51.14588678860912
        },
        "mean": {
            "value": 5278.797284997649,
            "error": 1.5301735670741436
        },
        "sigma": {
            "value": 14.15962186787575,
            "error": 1.6887661601548292
        },
        "alpha": {
            "value": 2.3992697689003406,
            "error": 1.6208929686622167
        },
        "n": {
            "value": 9.680646108435733,
            "error": 9.668033113600377
        },
        "_fit_status": 0,
        "_cov_qual": 3
    },
    "sig_2018_LL": {
        "nsig": {
            "value": 87.47498398129534,
            "error": 33.2497860594463
        },
        "nbkg": {
            "value": 2796.4993860155428,
            "error": 61.760110468089806
        },
        "mean": {
            "value": 5281.973039538597,
            "error": 1.7693304103222545
        },
        "sigma": {
            "value": 5.000001363694505,
            "error": 0.9073760129391704
        },
        "alpha": {
            "value": 0.85609155214589,
            "error": 0.7772868754173017
        },
        "n": {
            "value": 9.998200045222871,
            "error": 5.0422396226138435
        },
        "_fit_status": 0,
        "_cov_qual": 3
    },
    "sig_2018_DD": {
        "nsig": {
            "value": 230.09182731967897,
            "error": 43.494503089135435
        },
        "nbkg": {
            "value": 1394.9027056830903,
            "error": 55.28426565480231
        },
        "mean": {
            "value": 5282.199609425608,
            "error": 1.771680543178718
        },
        "sigma": {
            "value": 12.022052454685415,
            "error": 1.7714093320222295
        },
        "alpha": {
            "value": 2.4066140470322286,
            "error": 0.4793917628920411
        },
        "n": {
            "value": 0.10063121186852042,
            "error": 0.855565100994971
        },
        "_fit_status": 0,
        "_cov_qual": 3
    },
    "norm_2016_LL": {
        "nsig": {
            "value": 1230.640479782394,
            "error": 227.1859185501022
        },
        "nbkg": {
            "value": 112913.3315268284,
            "error": 405.55495719133614
        },
        "mean": {
            "value": 5283.795331611765,
            "error": 2.5059921990846306
        },
        "sigma": {
            "value": 13.225762370666832,
            "error": 1.951797274412015
        },
        "c1": {
            "value": -0.11525350070762796,
            "error": 0.005285757860127138
        },
        "_fit_status": 0,
        "_cov_qual": 3
    },
    "norm_2016_DD": {
        "nsig": {
            "value": 11371.10847962562,
            "error": 4575.229859477915
        },
        "nbkg": {
            "value": 384431.6778236319,
            "error": 4075.6353478175297
        },
        "mean": {
            "value": 5278.626744868883,
            "error": 7.841744669707623
        },
        "sigma": {
            "value": 24.99999020336589,
            "error": 11.588933871314747
        },
        "c1": {
            "value": -0.021237353189294317,
            "error": 0.02512802678182746
        },
        "_fit_status": 4,
        "_cov_qual": 2
    },
    "norm_2017_LL": {
        "nsig": {
            "value": 1378.0077171915186,
            "error": 340.8190568729801
        },
        "nbkg": {
            "value": 111841.925923006,
            "error": 478.33474324533745
        },
        "mean": {
            "value": 5275.937911009531,
            "error": 2.450815160932507
        },
        "sigma": {
            "value": 13.952818131410043,
            "error": 2.3538587658378853
        },
        "c1": {
            "value": -0.11581696440340794,
            "error": 0.006107585506671176
        },
        "_fit_status": 4,
        "_cov_qual": 3
    },
    "norm_2017_DD": {
        "nsig": {
            "value": 4599.221920616595,
            "error": 220.53283342648956
        },
        "nbkg": {
            "value": 400575.7119244792,
            "error": 240.21417785444646
        },
        "mean": {
            "value": 5278.934768730314,
            "error": 0.9683441704278266
        },
        "sigma": {
            "value": 20.273241154310654,
            "error": 2.478719352869671
        },
        "c1": {
            "value": -0.04556535215284052,
            "error": 0.0014704571334499539
        },
        "_fit_status": 4,
        "_cov_qual": 2
    },
    "norm_2018_LL": {
        "nsig": {
            "value": 1383.6432576420473,
            "error": 291.3267057564635
        },
        "nbkg": {
            "value": 126394.64707195661,
            "error": 458.21450689244375
        },
        "mean": {
            "value": 5279.1728976381455,
            "error": 1.939032118594696
        },
        "sigma": {
            "value": 9.152861783344948,
            "error": 2.6193451193233326
        },
        "c1": {
            "value": -0.1116126504007332,
            "error": 0.005374778218708964
        },
        "_fit_status": 4,
        "_cov_qual": 3
    },
    "norm_2018_DD": {
        "nsig": {
            "value": 17436.531613409188,
            "error": 1252.036794826995
        },
        "nbkg": {
            "value": 426109.0253354158,
            "error": 831.3860815789958
        },
        "mean": {
            "value": 5288.256568119445,
            "error": 28.976110005558894
        },
        "sigma": {
            "value": 24.86969371379582,
            "error": 21.67560903322186
        },