{
  "sig": {
    "2016_LL": [
      4.576754808471861e-09,
      0.7463073821152671
    ],
    "2016_DD": [
      1.0808613448709536e-09,
      0.8122028346172202
    ]
  },
  "norm": {
    "2016_LL": [
      1.2282637629201787e-07,
      0.7640706327356132
    ],
    "2016_DD": [
      2.129500874303858e-06,
      0.815601426127273
    ]
  }
}